<?xml version="1.0" encoding="UTF-8"?>
<!DOCTYPE fontscolors PUBLIC "-//NetBeans//DTD Editor Fonts and Colors settings 1.2//EN" "http://netbeans.apache.org/dtds/EditorFontsColors-1_2.dtd">
<fontscolors>
    <fontcolor bgColor="ff364135" name="mark-occurrences"/>
    <fontcolor name="identifier"/>
    <fontcolor default="field" foreColor="ffbababa" name="markup-attribute"/>
    <fontcolor default="identifier" foreColor="ff45c9b0" name="method"/>
    <fontcolor foreColor="ffd67341" name="string"/>
    <fontcolor default="keyword" foreColor="ffe8bf6a" name="markup-element"/>
    <fontcolor default="string" foreColor="ffa5c261" name="markup-attribute-value"/>
    <fontcolor name="error" waveUnderlined="ff9e2927"/>
    <fontcolor default="default" name="entity-reference"/>
    <fontcolor foreColor="ffa9b7c6" name="separator"/>
    <fontcolor foreColor="ffa9b7c6" name="operator"/>
    <fontcolor foreColor="ff287bde" name="url" underline="ff287bde"/>
    <fontcolor foreColor="ff6897bb" name="number"/>
    <fontcolor bgColor="ff1e1e1e" foreColor="ffdcdcc0" name="default">
        <font name="Consolas" size="15"/>
    </fontcolor>
    <fontcolor default="identifier" foreColor="ff9876aa" name="field"/>
    <fontcolor foreColor="ffd67341" name="char"/>
    <fontcolor bgColor="ff52503a" name="warning" waveUnderlined="ff52503a"/>
    <fontcolor foreColor="ff57a64a" name="comment"/>
    <fontcolor foreColor="ff429cd6" name="keyword"/>
    <fontcolor foreColor="ff505050" name="whitespace"/>
</fontscolors>
